{
  "test_type": "robustness_evaluation",
  "timestamp": 1756294033,
  "configuration": {
    "availability_target": 0.995,
    "reliability_target": 0.99,
    "self_healing_enabled": true,
    "monitoring_enabled": true
  },
  "test_results": {
    "iterations": [
      0,
      1,
      2,
      3,
      4,
      5,
      6,
      7,
      8,
      9,
      10,
      11,
      12,
      13,
      14,
      15,
      16,
      17,
      18,
      19,
      20,
      21,
      22,
      23,
      24,
      25,
      26,
      27,
      28,
      29,
      30,
      31,
      32,
      33,
      34,
      35,
      36,
      37,
      38,
      39,
      40,
      41,
      42,
      43,
      44,
      45,
      46,
      47,
      48,
      49,
      50,
      51,
      52,
      53,
      54,
      55,
      56,
      57,
      58,
      59
    ],
    "availability": [
      0.0,
      0.5,
      0.6666666666666666,
      0.75,
      0.8,
      0.8333333333333334,
      0.8571428571428571,
      0.875,
      0.8888888888888888,
      0.9,
      0.9090909090909091,
      0.9166666666666666,
      0.9230769230769231,
      0.9285714285714286,
      0.9333333333333333,
      0.9375,
      0.9411764705882353,
      0.9444444444444444,
      0.9473684210526315,
      0.95,
      0.9523809523809523,
      0.9545454545454546,
      0.9565217391304348,
      0.9583333333333334,
      0.96,
      0.9615384615384616,
      0.9629629629629629,
      0.9642857142857143,
      0.9655172413793104,
      0.9666666666666667,
      0.967741935483871,
      0.96875,
      0.9696969696969697,
      0.9705882352941176,
      0.9714285714285714,
      0.9722222222222222,
      0.972972972972973,
      0.9736842105263158,
      0.9743589743589743,
      0.975,
      0.975609756097561,
      0.9761904761904762,
      0.9767441860465116,
      0.9772727272727273,
      0.9777777777777777,
      0.9782608695652174,
      0.9787234042553191,
      0.9791666666666666,
      0.9795918367346939,
      0.98,
      0.9803921568627451,
      0.9807692307692307,
      0.9811320754716981,
      0.9814814814814815,
      0.9818181818181818,
      0.9821428571428571,
      0.9824561403508771,
      0.9827586206896551,
      0.9830508474576272,
      0.9833333333333333
    ],
    "reliability": [
      0.8,
      0.8,
      0.8,
      0.8,
      0.8,
      0.8,
      0.8,
      0.8,
      0.8,
      0.8,
      0.8,
      0.8,
      0.8,
      0.8,
      0.8,
      0.8,
      0.8,
      0.8,
      0.8,
      0.8,
      0.8,
      0.8,
      0.8,
      0.8,
      0.8,
      0.8,
      0.8,
      0.8,
      0.8,
      0.8,
      0.8,
      0.8,
      0.8,
      0.8,
      0.8,
      0.8,
      0.9,
      0.9,
      0.9,
      0.9,
      0.9,
      0.9,
      0.9,
      0.9,
      0.9,
      0.9,
      0.8,
      0.8,
      0.8,
      0.8,
      0.8,
      0.8,
      0.8,
      0.8,
      0.8,
      0.8,
      0.8,
      0.8,
      0.8,
      0.8
    ],
    "fault_count": [
      2,
      4,
      6,
      8,
      10,
      12,
      14,
      16,
      18,
      20,
      22,
      24,
      26,
      28,
      30,
      32,
      34,
      36,
      38,
      40,
      42,
      44,
      46,
      48,
      50,
      52,
      54,
      56,
      58,
      60,
      62,
      64,
      66,
      68,
      70,
      72,
      73,
      74,
      75,
      76,
      77,
      78,
      79,
      80,
      81,
      82,
      84,
      86,
      88,
      90,
      92,
      94,
      96,
      98,
      100,
      102,
      104,
      106,
      108,
      110
    ],
    "recovery_count": [
      1,
      2,
      3,
      4,
      5,
      6,
      7,
      8,
      9,
      10,
      11,
      12,
      13,
      14,
      15,
      16,
      17,
      18,
      19,
      20,
      21,
      22,
      23,
      24,
      25,
      26,
      27,
      28,
      29,
      30,
      31,
      32,
      33,
      34,
      35,
      36,
      37,
      38,
      39,
      40,
      41,
      42,
      43,
      44,
      45,
      46,
      47,
      48,
      49,
      50,
      51,
      52,
      53,
      54,
      55,
      56,
      57,
      58,
      59,
      60
    ],
    "energy_stability": [
      0.8064516129032259,
      0.8064516129032259,
      0.8064516129032259,
      0.8064516129032259,
      0.8064516129032259,
      0.8064516129032259,
      0.8064516129032259,
      0.8064516129032259,
      0.8064516129032259,
      0.8064516129032259,
      0.8064516129032259,
      0.8064516129032259,
      0.8064516129032259,
      0.8064516129032259,
      0.8064516129032259,
      0.8064516129032259,
      0.8064516129032259,
      0.8064516129032259,
      0.8064516129032259,
      0.8064516129032259,
      0.8064516129032259,
      0.8064516129032259,
      0.8064516129032259,
      0.8064516129032259,
      0.8064516129032259,
      0.8064516129032259,
      0.8064516129032259,
      0.8064516129032259,
      0.8064516129032259,
      0.8064516129032259,
      0.8064516129032259,
      0.8064516129032259,
      0.8064516129032259,
      0.8064516129032259,
      0.8064516129032259,
      0.8064516129032259,
      0.8064516129032259,
      0.8064516129032259,
      0.8064516129032259,
      0.8064516129032259,
      0.8064516129032259,
      0.8064516129032259,
      0.8064516129032259,
      0.8064516129032259,
      0.8064516129032259,
      0.8064516129032259,
      0.8064516129032259,
      0.8064516129032259,
      0.8064516129032259,
      0.8064516129032259,
      0.8064516129032259,
      0.8064516129032259,
      0.8064516129032259,
      0.8064516129032259,
      0.8064516129032259,
      0.8064516129032259,
      0.8064516129032259,
      0.8064516129032259,
      0.8064516129032259,
      0.8064516129032259
    ],
    "coherence_stability": [
      0.0,
      3.399254855014147e-05,
      9.193298152541743e-05,
      0.0001649436234682478,
      0.0002528774105653609,
      0.0003589114621828522,
      0.0004805117948264299,
      0.0006157716695413324,
      0.000765471455444142,
      0.0009285214979739764,
      0.00019380039262561336,
      0.0003997213582193481,
      0.0006151671051367129,
      0.000841772227063646,
      0.0010738145855699417,
      0.001314287262057432,
      0.001561130349924855,
      0.0018136668127033749,
      0.0020729328812771433,
      0.002331660736246584,
      0.002590738762270252,
      0.002844922211786386,
      0.003095707577452014,
      0.0033386975965638706,
      0.003575146328579715,
      0.004870740184851191,
      0.005019649691174414,
      0.005160087757966511,
      0.0052923914394945,
      0.005416281124536871,
      0.005529725979976246,
      0.0056328009497250645,
      0.0057770427765404374,
      0.005936180666814983,
      0.006082285029908078,
      0.3501480915173926,
      0.34321885181592665,
      0.3364362051657272,
      0.32979885213873306,
      0.3233039401856704,
      0.3169962128019376,
      0.31094279673037034,
      0.30505024718295126,
      0.2993159006925739,
      0.2937371542785244,
      0.28866116498819,
      0.2838269718587161,
      0.27917309328698425,
      0.27469585883620234,
      0.2703919366906564,
      0.2662591329045526,
      0.2622946935717992,
      0.2585919353193544,
      0.2552850686791856,
      0.2521509859009575,
      0.24925674738690318,
      0.2469524398222802,
      0.24487086940318403,
      0.244001614816708,
      0.24332330759415607
    ]
  },
  "final_metrics": {
    "availability": 0.9833333333333333,
    "reliability": 0.8,
    "success_rate": 1.0,
    "fault_recovery_rate": 0.5454545454545454,
    "total_faults": 110,
    "total_recoveries": 60,
    "uptime_seconds": 0.40673279762268066,
    "availability_target_achieved": false,
    "reliability_target_achieved": false,
    "robustness_features": {
      "fault_detection": true,
      "fault_recovery": true,
      "self_healing": true,
      "monitoring": true,