{
  "generation": 2,
  "architecture": "temporal_coherence_bridging",
  "timestamp": 1756293882,
  "config": {
    "liquid_dim": 32,
    "spike_dim": 64,
    "coherence_strength": 0.9,
    "target_power_uw": 600.0,
    "temporal_scales": [
      0.001,
      0.01,
      0.1,
      1.0
    ],
    "bridge_time_constant": 0.5
  },
  "performance": {
    "epochs": [
      0,
      1,
      2,
      3,
      4,
      5,
      6,
      7,
      8,
      9,
      10,
      11,
      12,
      13,
      14,
      15,
      16,
      17,
      18,
      19,
      20,
      21,
      22,
      23,
      24,
      25,
      26,
      27,
      28,
      29,
      30,
      31,
      32,
      33,
      34,
      35,
      36,
      37,
      38,
      39,
      40,
      41,
      42,
      43,
      44,
      45,
      46,
      47,
      48,
      49
    ],
    "energy_uw": [
      0.24,
      0.24,
      0.24,
      0.24,
      0.24,
      0.24,
      0.24,
      0.24,
      0.24,
      0.24,
      0.24,
      0.24,
      0.24,
      0.24,
      0.24,
      0.24,
      0.24,
      0.24,
      0.24,
      0.24,
      0.24,
      0.24,
      0.24,
      0.24,
      0.24,
      0.24,
      0.24,
      0.24,
      0.24,
      0.24,
      0.24,
      0.24,
      0.24,
      0.24,
      0.24,
      0.24,
      0.24,
      0.24,
      0.24,
      0.24,
      0.24,
      0.24,
      0.24,
      0.24,
      0.24,
      0.24,
      0.24,
      0.24,
      0.24,
      0.24
    ],
    "accuracy": [
      0.55,
      0.587009590333372,
      0.6208338090931531,
      0.6517468174351532,
      0.6799991797894567,
      0.7058198948026375,
      0.7294182514791845,
      0.7509855255670342,
      0.7706965299372122,
      0.7887110315241354,
      0.8051750463115424,
      0.8202220228605204,
      0.8339739239726762,
      0.8465422152558415,
      0.8580287686050987,
      0.8685266879222666,
      0.8781210637666876,
      0.886889663054117,
      0.8949035593940458,
      0.9022277091746376,
      0.9089214780647178,
      0.9150391222003607,
      0.9206302279563161,
      0.9257401138668333,
      0.9304101979536332,
      0.9346783334383983,
      0.938579115560888,
      0.9421441619895798,
      0.9454023690977011,
      0.9483801461818855,
      0.9511016295219077,
      0.95358887801655,
      0.9558620519813226,
      0.9579395765572748,
      0.959838291055405,
      0.9615735854471728,
      0.9631595251074356,
      0.9646089648209082,
      0.9659336529762215,
      0.9671443267921217,
      0.9682507993476642,
      0.9692620391218213,
      0.9701862426872101,
      0.9710309011471577,
      0.971802860854607,
      0.9725083789050178,
      0.97315317385306,
      0.9737424720641811,
      0.9742810500767493,
      0.9747732733181367
    ],
    "spike_efficiency": [
      1000.0,
      1000.0,
      1000.0,
      1000.0,
      1000.0,
      1000.0,
      1000.0,
      1000.0,
      1000.0,
      1000.0,
      1000.0,
      1000.0,
      1000.0,
      1000.0,
      1000.0,
      1000.0,
      1000.0,
      1000.0,
      1000.0,
      1000.0,
      1000.0,
      1000.0,
      1000.0,
      1000.0,
      1000.0,
      1000.0,
      1000.0,
      1000.0,
      1000.0,
      1000.0,
      1000.0,
      1000.0,
      1000.0,
      1000.0,
      1000.0,
      1000.0,
      1000.0,
      1000.0,
      1000.0,
      1000.0,
      1000.0,
      1000.0,
      1000.0,
      1000.0,
      1000.0,
      1000.0,
      1000.0,
      1000.0,
      1000.0,
      1000.0
    ],
    "temporal_complexity": [
      0.0,
      3.21837875658215e-08,
      1.5954352118399136e-07,
      4.324585398221016e-07,
      8.936049144987989e-07,
      1.5682625169561211e-06,
      2.5077146360588843e-06,
      3.6880347800555523e-06,
      5.104982603633887e-06,
      6.780714003689671e-06,
      8.704557434452545e-06,
      1.0832068172147366e-05,
      1.32038106533136e-05,
      1.574397791221383e-05,
      1.860443893020221e-05,
      2.160819077597665e-05,
      2.4777546928973285e-05,
      2.8333669138583963e-05,
      3.23231679277653e-05,
      3.6152712526663155e-05,
      3.963761986462017e-05,
      4.319921576189951e-05,
      4.639504909890689e-05,
      4.956271650104264e-05,
      5.261928239941035e-05,
      5.5317811435765665e-05,
      5.773557943626951e-05,
      6.0109059266618804e-05,
      6.251396079984397e-05,
      6.509734990806826e-05,
      6.74186445844871e-05,
      6.923453479434484e-05,
      7.176070251663326e-05,
      7.413337874955836e-05,
      7.618736708443951e-05,
      7.796794561231312e-05,
      7.925567370630598e-05,
      8.058932076672917e-05,
      8.187876281872308e-05,
      8.345358539554049e-05,
      8.511394542208938e-05,
      8.765792369797824e-05,
      9.067354039874907e-05,
      9.338061471796039e-05,
      9.62427262309912e-05,
      9.971416762601282e-05,
      0.00010363388173416881,
      0.00010786085315577556,
      0.00011296759963415928,
      0.00011791274147619487
    ],
    "coherence_strength": [
      0.0,
      5.3183997656067e-05,
      0.00014382576535077336,
      0.0002643366882324135,
      0.0004066055042512496,
      0.0005646967984794147,
      0.0007385348458995883,
      0.0009253571009288167,
      0.001120446888754813,
      0.0013405640691522436,
      0.0015764958990398814,
      0.0018193640973897377,
      0.00206515346097252,
      0.0023107312148824845,
      0.002554350395364388,
      0.0027949236334668163,
      0.003030958948469217,
      0.003260174417054471,
      0.0034994953778633934,
      0.0037354213938752922,
      0.0039615265674843286,
      0.004176911803274097,
      0.004380254661416398,
      0.004568750204875047,
      0.004742008764391532,
      0.004902919051447691,
      0.005050540533075525,
      0.005184293621800694,
      0.005304414578797609,
      0.005418447649254695,
      0.005540198099854865,
      0.005661269220593514,
      0.005814664500147704,
      0.005965569377005928,
      0.006110272139313266,
      0.006240983279782457,
      0.006355079897534745,
      0.006450568130685563,
      0.006527576732444418,
      0.006591442132542934,
      0.006652354896763528,
      0.006738418766783621,
      0.006820097317434423,
      0.006888365064100603,
      0.006944088944573377,
      0.007025607073880637,
      0.00711219934732725,
      0.007210997285067526,
      0.007314714720230387,
      0.007408878303629199
    ],
    "breakthrough_factor": [
      0.0,
      0.7804879169094726,
      2.2322974437114667,
      4.307014882170595,
      6.912285234718204,
      9.964355872453167,
      13.467519898813167,
      17.37324471945536,
      21.588113228557,
      26.43294174513146,
      31.733878962984825,
      37.30706250702039,
      43.05710338632514,
      48.90328803768601,
      54.792653108011315,
      60.68664415926503,
      66.53872240157375,
      72.2853747559773,
      78.29277174332405,
      84.25501717495092,
      90.01791457776261,
      95.55094274940637,
      100.81487118616236,
      105.73688337225362,
      110.30033282938473,
      114.56630519976251,
      118.50829666596104,
      122.10879924548348,
      125.3701527367911,
      128.46870434197652,
      131.73228601615347,
      134.96308410538495,
      138.95042851735337,
      142.8663750733026,
      146.62182920204745,
      150.0291167264068,
      153.02389340323438,
      155.55689617618356,
      157.6301509563156,
      159.37189659668658,
      161.02869865839085,
      163.28233785873604,
      165.41911477907058,
      167.22038339060518,
      168.7071375591314,
      170.8115436560821,
      173.03148419817938,
      175.54135806024377,
      178.16469846594794,
      180.54941389110894
    ]
  },
  "final_metrics": {
    "energy_uw": 0.24,
    "energy_mw": 0.00023999999999999998,
    "accuracy": 0.9747732733181367,
    "energy_improvement_over_gen1": 64166.66666666667,
    "breakthrough_improvement_over_gen1": 0.5661631040799905,