{
  "timestamp": "2025-08-11 13:10:45",
  "config": {
    "input_dim": 8,
    "hidden_dim": 16,
    "output_dim": 4,
    "initial_workers": 3,
    "cache_size": 500,
    "cache_ttl": 60,
    "max_threads": 8
  },
  "benchmarks": {
    "single_inference": {
      "samples": 100,
      "avg_latency_ms": 0.2372884750366211,
      "min_latency_ms": 0.1876354217529297,
      "max_latency_ms": 0.8499622344970703,
      "cache_hit_rate": 0.0
    },
    "cache_efficiency": {
      "samples": 20,
      "avg_latency_ms": 0.030624866485595703,
      "speedup_factor": 7.7482288828337875
    },
    "batch_inference": {
      "batch_size": 25,
      "total_time_ms": 13.76032829284668,
      "per_item_latency_ms": 0.5504131317138672,
      "success_rate": 1.0
    },
    "concurrent_load": {
      "total_requests": 100,
      "duration_seconds": 0.04645562171936035,
      "avg_latency_ms": 0.3625917434692383,
      "throughput_rps": 2152.5920071439937
    }
  },
  "final_performance": {
    "performance": {
      "total_requests": 226,
      "successful_requests": 245,
      "failed_requests": 0,
      "avg_latency_ms": 0.3342714784371907,
      "p95_latency_ms": 0.5481243133544922,
      "p99_latency_ms": 0.7114410400390625,
      "throughput_rps": 226.0,
      "cache_hit_rate": 0.07755102040816327,
      "memory_usage_mb": 30,
      "cpu_utilization": 73.66666666666667
    },
    "workers": {
      "count": 3,
      "stats": [
        {
          "worker_id": 0,
          "request_count": 76,
          "error_count": 0,
          "avg_latency_ms": 0.2410913768567537,
          "p95_latency_ms": 0.4379749298095703,
          "p99_latency_ms": 0.7491111755371094,
          "cache_size": 76,
          "success_rate": 1.0
        },
        {
          "worker_id": 1,
          "request_count": 75,
          "error_count": 0,
          "avg_latency_ms": 0.24472554524739584,
          "p95_latency_ms": 0.47588348388671875,
          "p99_latency_ms": 0.6132125854492188,
          "cache_size": 75,
          "success_rate": 1.0
        },
        {
          "worker_id": 2,
          "request_count": 75,
          "error_count": 0,
          "avg_latency_ms": 0.21709760030110678,
          "p95_latency_ms": 0.3376007080078125,
          "p99_latency_ms": 0.5548000335693359,
          "cache_size": 75,
          "success_rate": 1.0
        }
      ]
    },
    "global_cache": {
      "size": 226,
      "max_size": 500,
      "hits": 19,
      "misses": 226,
      "hit_rate": 0.07755102040816327,
      "ttl_seconds": 60
    },
    "system": {
      "uptime_seconds": 0.08567619323730469,
      "thread_pool_size": 8
    }
  }
}